Model,Train_RMSE,Test_RMSE,Train_R2,Test_R2,Test_MAE
Linear Regression,875.1110562766393,831.2851545662686,0.7910851850465888,0.8276670090367212,617.3930656443374
Bagging,257.8463734952608,673.2357696710907,0.9818630209161856,0.886967654174023,425.3669387755102
Random Forest,253.97382218195298,682.1188467690181,0.9824037223192773,0.883965142208236,427.7662078621516
AdaBoost,479.33046563692074,767.1919801937806,0.9373223127397727,0.8532167549782169,533.5877084828206
Gradient Boosting,150.78929305771734,651.0272227504684,0.9937972552877241,0.8943020232865955,446.4395297823317
Stacking,147.70030395235042,636.7099394270282,0.9940487845245874,0.8988998883784236,426.43589141471404
